,Date,Time,Location,Turbidity,E_coli,Flow,Gage_height,Prcp,Awnd,Tavg,Tmax,Tmin,Wdf2,Prev_two_prcp,Prev_three_prcp,Prev_five_prcp,UV_Irradiance,Cloud_Cover,SinDOY
0,2020-06-25,10:10:00,Lewisburg Pike,,1.0,28.8,2.36,0.0,1.4,24.9,31.1,19.4,270.0,13.5,14.800000000000008,31.099999999999994,2.16,57.16,0.16254473532236896
1,2020-07-01,10:30:00,Lewisburg Pike,,2400.0,118,3.14,1.8,1.9,23.9,28.9,21.1,210.0,36.4,36.400000000000006,36.39999999999999,1.26,95.05,0.05994793913150471
2,2020-07-02,11:10:00,Lewisburg Pike,,1100.0,122,3.16,0.0,1.3,25.9,33.9,20.6,70.0,37.9,38.2,38.19999999999999,2.35,43.94,0.04275665917752641
3,2020-07-08,10:55:00,Lewisburg Pike,,550.0,58.8,2.69,0.0,1.5,28.3,35.0,22.8,80.0,0.0,0.0,10.399999999999991,2.34,54.46,-0.06047861133817511
4,2020-07-10,10:04:00,Lewisburg Pike,,290.0,46.3,2.57,0.0,3.2,29.1,35.0,23.3,330.0,0.0,0.0,0.0,2.51,17.69,-0.09480137439153988
5,2020-07-16,10:25:00,Lewisburg Pike,,170.0,34.4,2.43,0.0,2.7,29.5,35.0,23.9,170.0,0.0,0.0,17.799999999999994,2.42,46.12,-0.1969335095981846
6,2020-07-17,09:57:00,Lewisburg Pike,,190.0,28.0,2.35,0.0,2.2,29.4,35.0,23.9,190.0,0.0,0.0,17.799999999999994,2.49,32.58,-0.21378059613171532
7,2020-07-23,10:53:00,Lewisburg Pike,,870.0,32.0,2.40,0.3,1.5,26.3,34.4,23.3,160.0,3.8,3.800000000000007,3.7999999999999927,2.2,80.3,-0.31335948235359923
8,2020-07-29,09:46:00,Lewisburg Pike,,110.0,23.6,2.10,0.0,1.1,26.7,32.8,23.3,200.0,38.1,43.400000000000006,47.49999999999999,2.09,70.23,-0.4095984703481101
9,2020-08-05,10:36:00,Lewisburg Pike,,230.0,40.7,2.47,0.0,2.8,24.3,30.6,19.4,340.0,0.0,0.0,22.099999999999994,2.01,23.86,-0.5162900597892921
10,2020-08-12,11:16:00,Lewisburg Pike,,210.0,9.18,1.95,2.3,1.5,26.9,32.2,23.9,50.0,0.0,1.000000000000007,0.9999999999999928,1.72,77.65,-0.6154941241997053
11,2020-08-19,10:15:00,Lewisburg Pike,,160.0,6.31,1.84,0.0,3.8,24.1,29.4,20.0,20.0,0.0,0.0,0.7999999999999929,1.68,69.23,-0.7057719511707795
12,2020-09-03,12:50:00,Lewisburg Pike,,410.0,121,3.13,1.8,3.2,27.6,31.7,24.4,250.0,2.8,13.200000000000008,35.3,1.73,59.87,-0.8632763254741745
13,2020-09-24,11:45:00,Lewisburg Pike,,140.0,66.3,2.72,0.8,3.3,17.3,19.4,16.1,60.0,0.5,0.5000000000000142,0.5,0.54,90.45,-0.9859925205158587
14,2020-10-08,10:58:00,Lewisburg Pike,,76.0,18.3,2.17,0.0,0.4,19.2,26.7,11.7,180.0,0.0,0.0,0.0,1.09,79.13,-0.9973055078481687
15,2020-10-29,11:48:00,Lewisburg Pike,,2400.0,121,3.13,2.8,4.1,18.8,23.9,9.4,320.0,19.3,19.600000000000016,20.1,0.77,82.51,-0.9069018444402899
16,2021-06-29,08:26:00,Lewisburg Pike,,160.0,13.3,1.82,0.0,1.7,28.2,35.6,22.8,180.0,2.3,2.300000000000004,2.300000000000004,1.66,68.6,0.11139484702251705
17,2021-07-06,09:23:00,Lewisburg Pike,,150.0,12.1,1.79,0.0,1.8,28.2,35.0,21.7,150.0,0.0,0.0,8.900000000000006,2.13,44.27,-0.008872805159630166
18,2021-07-13,08:43:00,Lewisburg Pike,,370.0,96.2,2.72,0.5,4.2,25.2,28.9,22.8,180.0,14.2,14.200000000000005,14.200000000000005,1.67,74.56,-0.12901177899622526
19,2021-07-20,08:17:00,Lewisburg Pike,19.13,120.0,25.8,2.03,0.0,3.8,26.4,32.2,22.2,20.0,63.5,63.50000000000001,63.8,1.61,93.8,-0.2472797524015874
20,2021-08-03,08:57:00,Lewisburg Pike,,120.0,20.2,1.95,0.0,2.3,23.7,30.6,17.2,50.0,6.9,86.4,86.4,1.88,29.34,-0.4713939556156569
21,2021-08-10,08:37:00,Lewisburg Pike,,50.0,8.90,1.69,0.0,3.0,29.8,35.6,24.4,250.0,3.0,3.3,3.3,2.01,29.63,-0.5739899568474081
22,2021-08-24,08:18:00,Lewisburg Pike,26.8,230.0,123,2.91,0.0,0.9,28.3,35.6,22.2,90.0,0.0,59.9,61.50000000000001,1.98,11.42,-0.7528418161767066
23,2021-09-07,08:25:00,Lewisburg Pike,7.8,100.0,102,2.81,0.0,1.0,22.2,30.6,14.4,170.0,1.0,1.0,1.000000000000007,1.91,5.22,-0.8881794966555421
24,2021-09-14,08:26:00,Lewisburg Pike,11.695,160.0,32.8,2.17,0.8,1.9,25.5,32.8,20.6,200.0,0.0,0.0,0.0,1.5,58.85,-0.9369742559047681
25,2021-10-05,08:25:00,Lewisburg Pike,2.535,59.0,71.0,2.56,15.0,2.1,20.2,23.9,17.2,80.0,26.7,35.599999999999994,35.599999999999994,0.73,96.8,-0.9999895604474772
26,2021-10-12,08:21:00,Lewisburg Pike,18.95,88.0,91.1,2.73,0.5,1.8,23.8,28.3,16.7,240.0,0.0,0.0,0.0,1.05,50.02,-0.9921890854943195
27,2021-10-26,08:19:00,Lewisburg Pike,5.54,980.0,87.3,2.70,0.0,2.7,13.1,16.7,7.8,360.0,28.399999999999995,28.399999999999995,29.899999999999995,0.95,56.44,-0.9337421130913087
28,2022-05-24,08:35:00,Lewisburg Pike,11.175,206.4,104,2.68,23.1,3.0,18.8,27.2,15.6,200.0,5.8,24.3,24.3,1.74,97.04,0.6678660440432562
29,2022-05-31,09:00:00,Lewisburg Pike,10.175,261.3,80.8,2.50,0.0,2.5,26.6,32.8,20.0,180.0,0.0,0.0,10.7,2.53,6.85,0.5735545383583426
30,2022-06-07,11:00:00,Lewisburg Pike,10.245000000000001,488.4,41.0,2.13,10.9,2.1,25.5,32.8,21.7,240.0,2.8,2.8,2.8,1.54,89.3,0.4709250263879256
31,2022-06-14,11:50:00,Lewisburg Pike,9.559999999999999,191.8,40.9,2.13,0.0,2.5,31.3,36.1,26.1,200.0,0.0,0.0,0.0,2.59,13.67,0.3614658982824635
32,2022-06-21,  9:30 AM,Lewisburg Pike,8.78,387.3,14.6,1.76,0.0,0.9,27.5,36.7,17.8,250.0,0.0,0.0,6.6,2.63,11.32,0.24676459107661747
33,2022-06-28,  10:20,Lewisburg Pike,7.275,118.7,12.9,1.72,0.0,3.9,25.1,32.8,18.3,30.0,0.0,0.0,0.0,2.45,59.38,0.12848456679619186
34,2022-07-12,07:30:00,Lewisburg Pike,16.965,179.3,39.1,2.11,0.0,3.3,28.5,35.0,23.3,360.0,0.0,59.4,82.0,2.3,44.8,-0.11192315931767621
35,2022-07-19,10:20:00,Lewisburg Pike,11.27,137.4,21.5,1.88,0.0,2.5,26.8,32.8,22.8,180.0,12.400000000000007,12.4,12.4,1.87,45.63,-0.2305643348608429
36,2022-07-26,09:41:00,Lewisburg Pike,13.675,72.7,9.18,1.61,1.8,2.8,26.9,34.4,23.9,320.0,10.200000000000006,10.2,10.5,1.98,93.95,-0.3458617384375816
37,2022-08-16,08:55:00,Lewisburg Pike,13.555,191.8,42.5,2.10,0.5,2.6,24.2,26.1,21.1,350.0,0.0,0.0,0.0,1.14,78.16,-0.6553571580703461
38,2022-08-23,10:45:00,Lewisburg Pike,28.75,686.7,25.1,2.25,0.0,1.3,25.7,32.2,19.4,20.0,0.0,3.3,20.1,1.72,54.2,-0.7414004178900595
39,2022-08-30,11:10:00,Lewisburg Pike,23.9,648.8,9.78,1.95,0.0,1.7,25.6,31.1,21.1,320.0,0.8000000000000071,0.8,1.6,1.54,72.6,-0.816691477310924
40,2022-09-13,08:50:00,Lewisburg Pike,18.32,214.3,39.9,2.44,0.0,2.1,20.5,28.9,13.9,320.0,11.200000000000006,15.8,15.8,1.67,0.56,-0.930821113913325
41,2022-09-20,09:20:00,Lewisburg Pike,6.66,127.4,7.04,1.85,0.0,2.4,29.3,37.2,22.8,10.0,0.0,0.0,0.0,1.71,6.62,-0.9680045197534627
42,2023-05-30,06:30:00,Lewisburg Pike,3.82,155.3,44.3,2.29,0.0,1.0,22.3,30.0,15.0,110.0,0.0,0.0,0.0,2.3,32.97,0.5875701798748979
43,2023-06-13,10:45:00,Lewisburg Pike,6.84,209.8,18.9,1.94,0.0,2.5,19.7,26.7,12.2,250.0,9.900000000000007,9.9,9.9,2.33,29.88,0.3774618239750876
44,2023-06-27,07:45:00,Lewisburg Pike,15.42,260.3,20.2,1.96,0.0,2.6,26.4,31.7,19.4,290.0,0.0,0.0,0.8,2.98,7.19,0.1455362138198196
45,2023-07-11,08:39:00,Lewisburg Pike,11.43,98.5,31.3,2.12,0.0,0.9,24.6,31.7,17.2,150.0,3.000000000000007,13.7,20.6,2.91,12.71,-0.09480137439153988
46,2023-07-18,08:09:00,Lewisburg Pike,19.6,135.4,15.1,1.87,29.2,2.6,27.2,32.8,21.1,290.0,0.0,15.0,15.0,1.91,62.92,-0.21378059613171532
47,2023-07-25,08:30:00,Lewisburg Pike,,137.4,96.9,2.77,0.0,2.5,26.6,33.9,21.1,270.0,0.5000000000000071,0.5,5.1,2.61,13.3,-0.32965945300086347
48,2023-08-01,07:58:00,Lewisburg Pike,8.86,100.8,31.2,2.10,0.0,2.9,26.4,31.7,21.1,50.0,0.5000000000000071,28.7,29.0,2.85,45.59,-0.4407574054943112
49,2023-08-22,08:04:00,Lewisburg Pike,1900-01-10 07:40:48,125.9,42.5,2.24,0.0,2.5,29.4,35.6,24.4,40.0,0.0,0.0,0.0,2.28,35.55,-0.7297393266588772
50,2023-08-29,08:10:00,Lewisburg Pike,15.045000000000002,328.2,57.3,2.39,0.0,3.3,26.6,31.7,21.1,360.0,0.0,0.8,0.8,1.92,55.37,-0.8066370859788208
51,2023-09-05,08:01:00,Lewisburg Pike,9.89,119.8,14.6,1.85,5.8,1.7,26.9,32.8,23.3,290.0,0.0,0.0,0.0,1.92,92.12,-0.8718365465275525
52,2023-09-12,08:15:00,Lewisburg Pike,10.735,110.0,7.55,1.64,0.0,2.3,23.3,25.6,19.4,20.0,0.0,0.0,0.0,1.32,70.2,-0.924392149537103
53,2024-06-11,11:21:00,Lewisburg Pike,,78.2,60.9,2.44,0.0,3.3,20.7,27.2,13.9,40.0,4.300000000000014,4.3,4.3,,,0.39334589958300126
54,2024-06-18,11:40:00,Lewisburg Pike,,78.8,33.7,2.03,0.0,2.7,28.3,31.7,24.4,180.0,17.800000000000015,17.8,17.8,,,0.2799754974897706
55,2020-06-25,09:35:00,Moran Rd,,1.0,426,2.44,0.0,1.4,24.9,31.1,19.4,270.0,13.5,14.800000000000008,31.099999999999994,2.29,18.25,0.16254473532236896
56,2020-07-01,10:54:00,Moran Rd,,2400.0,928,3.09,1.8,1.9,23.9,28.9,21.1,210.0,36.4,36.400000000000006,36.39999999999999,1.75,87.88,0.05994793913150471
57,2020-07-02,10:42:00,Moran Rd,,1400.0,629,2.64,0.0,1.3,25.9,33.9,20.6,70.0,37.9,38.2,38.19999999999999,2.3,43.93,0.04275665917752641
58,2020-07-08,10:25:00,Moran Rd,,290.0,202,1.79,0.0,1.5,28.3,35.0,22.8,80.0,0.0,0.0,10.399999999999991,2.29,41.55,-0.06047861133817511
59,2020-07-10,09:45:00,Moran Rd,,280.0,150,1.64,0.0,3.2,29.1,35.0,23.3,330.0,0.0,0.0,0.0,2.3,23.35,-0.09480137439153988
60,2020-07-16,10:00:00,Moran Rd,,78.0,174,1.71,0.0,2.7,29.5,35.0,23.9,170.0,0.0,0.0,17.799999999999994,2.12,76.86,-0.1969335095981846
61,2020-07-17,09:38:00,Moran Rd,,120.0,141,1.61,0.0,2.2,29.4,35.0,23.9,190.0,0.0,0.0,17.799999999999994,1.82,70.18,-0.21378059613171532
62,2020-07-23,10:30:00,Moran Rd,,2400.0,89.3,1.44,0.3,1.5,26.3,34.4,23.3,160.0,3.8,3.800000000000007,3.7999999999999927,1.79,87.62,-0.31335948235359923
63,2020-07-29,09:20:00,Moran Rd,,70.0,76.3,1.39,0.0,1.1,26.7,32.8,23.3,200.0,38.1,43.400000000000006,47.49999999999999,2.06,61.95,-0.4095984703481101
64,2020-08-05,10:18:00,Moran Rd,,370.0,231,1.86,0.0,2.8,24.3,30.6,19.4,340.0,0.0,0.0,22.099999999999994,2.05,15.38,-0.5162900597892921
65,2020-08-19,09:50:00,Moran Rd,,93.0,79.7,1.40,0.0,3.8,24.1,29.4,20.0,20.0,0.0,0.0,0.7999999999999929,1.52,66.69,-0.7057719511707795
66,2020-09-03,11:42:00,Moran Rd,,730.0,950,3.12,1.8,3.2,27.6,31.7,24.4,250.0,2.8,13.200000000000008,35.3,1.48,77.91,-0.8632763254741745
67,2020-09-24,11:16:00,Moran Rd,,130.0,210,1.87,0.8,3.3,17.3,19.4,16.1,60.0,0.5,0.5000000000000142,0.5,0.65,95.3,-0.9859925205158587
68,2020-10-08,10:36:00,Moran Rd,,160.0,76.0,1.45,0.0,0.4,19.2,26.7,11.7,180.0,0.0,0.0,0.0,1.05,72.34,-0.9973055078481687
69,2020-10-29,11:15:00,Moran Rd,,2400.0,955,3.17,2.8,4.1,18.8,23.9,9.4,320.0,19.3,19.600000000000016,20.1,0.52,80.2,-0.9069018444402899
70,2021-06-29,09:53:00,Moran Rd,,99.0,43.3,1.34,0.0,1.7,28.2,35.6,22.8,180.0,2.3,2.300000000000004,2.300000000000004,2.2,55.07,0.11139484702251705
71,2021-07-06,09:00:00,Moran Rd,,74.0,33.8,1.29,0.0,1.8,28.2,35.0,21.7,150.0,0.0,0.0,8.900000000000006,1.88,36.75,-0.008872805159630166
72,2021-07-13,13:30:00,Moran Rd,,74.0,85.8,1.53,0.5,4.2,25.2,28.9,22.8,180.0,14.2,14.200000000000005,14.200000000000005,1.72,69.91,-0.12901177899622526
73,2021-07-20,01:30:00,Moran Rd,14.555,74.0,72.3,1.48,0.0,3.8,26.4,32.2,22.2,20.0,63.5,63.50000000000001,63.8,1.52,49.89,-0.2472797524015874
74,2021-07-27,09:00:00,Moran Rd,,46.0,41.5,1.33,0.0,2.0,28.5,35.0,23.9,360.0,39.9,39.900000000000006,39.900000000000006,2.07,23.97,-0.36196153757689215
75,2021-08-03,13:00:00,Moran Rd,10.145,81.0,125,1.58,0.0,2.3,23.7,30.6,17.2,50.0,6.9,86.4,86.4,1.84,16.69,-0.4713939556156569
76,2021-08-10,11:00:00,Moran Rd,13.76,120.0,27.2,1.17,0.0,3.0,29.8,35.6,24.4,250.0,3.0,3.3,3.3,1.85,35.76,-0.5739899568474081
77,2021-08-17,13:20:00,Moran Rd,19.7,91.0,161,1.69,0.0,1.7,25.9,31.7,22.2,60.0,9.7,9.7,15.3,1.58,84.63,-0.6682616371130238
78,2021-08-24,12:30:00,Moran Rd,37,370.0,445,2.34,0.0,0.9,28.3,35.6,22.2,90.0,0.0,59.9,61.50000000000001,1.89,11.95,-0.7528418161767066
79,2021-09-07,08:57:00,Moran Rd,9.525,170.0,350,2.16,0.0,1.0,22.2,30.6,14.4,170.0,1.0,1.0,1.000000000000007,1.91,0.51,-0.8881794966555421
80,2021-09-14,14:00:00,Moran Rd,4.255,27.0,128,1.59,0.8,1.9,25.5,32.8,20.6,200.0,0.0,0.0,0.0,1.43,46.65,-0.9369742559047681
81,2021-09-28,14:00:00,Moran Rd,6.665,190.0,419,2.36,0.0,1.3,22.2,30.6,15.6,210.0,0.0,0.0,0.0,1.37,6.25,-0.9932876317180517
82,2021-10-19,13:00:00,Moran Rd,2.41,55.0,140,1.70,0.0,1.3,14.7,23.9,6.7,170.0,0.0,0.4999999999999964,6.099999999999996,0.94,18.62,-0.9699993336762585
83,2021-10-26,13:20:00,Moran Rd,5.37,1700.0,347,2.22,0.0,2.7,13.1,16.7,7.8,360.0,28.399999999999995,28.399999999999995,29.899999999999995,0.75,56.44,-0.9337421130913087
84,2022-05-24,11:58:00,Moran Rd,31.9,105.4,284,1.99,23.1,3.0,18.8,27.2,15.6,200.0,5.8,24.3,24.3,1.84,90.59,0.6678660440432562
85,2022-05-31,10:04:00,Moran Rd,9.620000000000001,122.3,246,1.90,0.0,2.5,26.6,32.8,20.0,180.0,0.0,0.0,10.7,2.55,9.05,0.5735545383583426
86,2022-06-07,08:25:00,Moran Rd,10.455,122.4,116,1.53,10.9,2.1,25.5,32.8,21.7,240.0,2.8,2.8,2.8,2.12,73.78,0.4709250263879256
87,2022-06-14,11:37:00,Moran Rd,9.805,178.5,144,1.58,0.0,2.5,31.3,36.1,26.1,200.0,0.0,0.0,0.0,2.6,33.13,0.3614658982824635
88,2022-06-21,11:52:00,Moran Rd,15.265,135.4,66.2,1.31,0.0,0.9,27.5,36.7,17.8,250.0,0.0,0.0,6.6,,6.62,0.24676459107661747
89,2022-06-28,07:42:00,Moran Rd,14.195,78.9,35.6,1.16,0.0,3.9,25.1,32.8,18.3,30.0,0.0,0.0,0.0,2.3,56.56,0.12848456679619186
90,2022-07-12,10:03:00,Moran Rd,17.825,51.2,125,1.52,0.0,3.3,28.5,35.0,23.3,360.0,0.0,59.4,82.0,2.22,45.35,-0.11192315931767621
91,2022-07-19,07:44:00,Moran Rd,19.700000000000003,151.5,48.8,1.23,0.0,2.5,26.8,32.8,22.8,180.0,12.400000000000007,12.4,12.4,2.3,24.43,-0.2305643348608429
92,2022-07-26,10:56:00,Moran Rd,17.95,261.3,27.5,1.11,1.8,2.8,26.9,34.4,23.9,320.0,10.200000000000006,10.2,10.5,1.15,96.16,-0.3458617384375816
93,2022-08-16,10:15:00,Moran Rd,13.18,49.6,110,1.48,0.5,2.6,24.2,26.1,21.1,350.0,0.0,0.0,0.0,1.05,81.61,-0.6553571580703461
94,2022-08-23,09:14:00,Moran Rd,60.7,501.2,144,1.59,0.0,1.3,25.7,32.2,19.4,20.0,0.0,3.3,20.1,2.01,17.05,-0.7414004178900595
95,2022-08-30,08:01:00,Moran Rd,31.6,325.5,63.9,1.31,0.0,1.7,25.6,31.1,21.1,320.0,0.8000000000000071,0.8,1.6,1.67,63.8,-0.816691477310924
96,2022-09-13,08:11:00,Moran Rd,23.8,285.1,222,1.75,0.0,2.1,20.5,28.9,13.9,320.0,11.200000000000006,15.8,15.8,1.56,3.84,-0.930821113913325
97,2023-05-30,08:01:00,Moran Rd,4.79,76.7,171,1.72,0.0,1.0,22.3,30.0,15.0,110.0,0.0,0.0,0.0,2.37,17.35,0.5875701798748979
98,2023-06-06,07:38:00,Moran Rd,13.935,83.3,116,1.55,0.0,1.6,25.8,32.2,16.7,360.0,2.500000000000007,2.5,2.5,1.96,10.8,0.4860404158768522
99,2023-06-13,08:00:00,Moran Rd,12.125,107.6,94.8,1.48,0.0,2.5,19.7,26.7,12.2,250.0,9.900000000000007,9.9,9.9,2.28,25.39,0.3774618239750876
100,2023-06-27,10:06:00,Moran Rd,9.23,83.9,83.7,1.44,0.0,2.6,26.4,31.7,19.4,290.0,0.0,0.0,0.8,2.54,12.98,0.1455362138198196
101,2023-07-11,08:04:00,Moran Rd,19.9,79.8,178,1.74,0.0,0.9,24.6,31.7,17.2,150.0,3.000000000000007,13.7,20.6,2.8,3.9,-0.09480137439153988
102,2023-07-18,09:02:00,Moran Rd,14.84,43.5,125,1.58,29.2,2.6,27.2,32.8,21.1,290.0,0.0,15.0,15.0,1.7,64.16,-0.21378059613171532
103,2023-07-25,09:00:00,Moran Rd,7.81,143.9,362,2.20,0.0,2.5,26.6,33.9,21.1,270.0,0.5000000000000071,0.5,5.1,2.46,22.7,-0.32965945300086347
104,2023-08-22,07:41:00,Moran Rd,12.33,84.2,167,1.73,0.0,2.5,29.4,35.6,24.4,40.0,0.0,0.0,0.0,2.18,38.66,-0.7297393266588772
105,2023-08-29,06:45:00,Moran Rd,23.049999999999997,155.3,234,1.91,0.0,3.3,26.6,31.7,21.1,360.0,0.0,0.8,0.8,2.34,29.47,-0.8066370859788208
106,2023-09-12,08:44:00,Moran Rd,12.245000000000001,67.0,41.0,1.27,0.0,2.3,23.3,25.6,19.4,20.0,0.0,0.0,0.0,1.12,69.77,-0.924392149537103
107,2024-06-18,09:46:00,Moran Rd,,72.7,134,1.67,0.0,2.7,28.3,31.7,24.4,180.0,17.800000000000015,17.8,17.8,,,0.2799754974897706
108,2020-06-25,09:10:00,Highway 100,,1.0,421,2.43,0.0,1.4,24.9,31.1,19.4,270.0,13.5,14.800000000000008,31.099999999999994,2.29,18.25,0.16254473532236896
109,2020-07-01,11:22:00,Highway 100,,2400.0,943,3.11,1.8,1.9,23.9,28.9,21.1,210.0,36.4,36.400000000000006,36.39999999999999,1.75,87.88,0.05994793913150471
110,2020-07-02,10:15:00,Highway 100,,920.0,641,2.66,0.0,1.3,25.9,33.9,20.6,70.0,37.9,38.2,38.19999999999999,2.3,43.93,0.04275665917752641
111,2020-07-08,09:50:00,Highway 100,,230.0,206,1.80,0.0,1.5,28.3,35.0,22.8,80.0,0.0,0.0,10.399999999999991,2.29,41.55,-0.06047861133817511
112,2020-07-10,09:20:00,Highway 100,,240.0,150,1.64,0.0,3.2,29.1,35.0,23.3,330.0,0.0,0.0,0.0,2.3,23.35,-0.09480137439153988
113,2020-07-16,09:35:00,Highway 100,,76.0,174,1.71,0.0,2.7,29.5,35.0,23.9,170.0,0.0,0.0,17.799999999999994,2.12,76.86,-0.1969335095981846
114,2020-07-17,09:14:00,Highway 100,,78.0,141,1.61,0.0,2.2,29.4,35.0,23.9,190.0,0.0,0.0,17.799999999999994,1.82,70.18,-0.21378059613171532
115,2020-07-23,10:06:00,Highway 100,,74.0,89.3,1.44,0.3,1.5,26.3,34.4,23.3,160.0,3.8,3.800000000000007,3.7999999999999927,1.79,87.62,-0.31335948235359923
116,2020-07-29,08:57:00,Highway 100,,48.0,78.8,1.40,0.0,1.1,26.7,32.8,23.3,200.0,38.1,43.400000000000006,47.49999999999999,2.06,61.95,-0.4095984703481101
117,2020-08-05,09:50:00,Highway 100,,290.0,231,1.86,0.0,2.8,24.3,30.6,19.4,340.0,0.0,0.0,22.099999999999994,2.05,15.38,-0.5162900597892921
118,2020-08-12,10:45:00,Highway 100,,250.0,79.4,1.40,2.3,1.5,26.9,32.2,23.9,50.0,0.0,1.000000000000007,0.9999999999999928,1.17,76.3,-0.6154941241997053
119,2020-08-19,09:33:00,Highway 100,,110.0,79.7,1.40,0.0,3.8,24.1,29.4,20.0,20.0,0.0,0.0,0.7999999999999929,1.52,66.69,-0.7057719511707795
120,2020-09-03,10:15:00,Highway 100,,1100.0,987,3.17,1.8,3.2,27.6,31.7,24.4,250.0,2.8,13.200000000000008,35.3,1.48,77.91,-0.8632763254741745
121,2020-09-24,11:02:00,Highway 100,,140.0,214,1.88,0.8,3.3,17.3,19.4,16.1,60.0,0.5,0.5000000000000142,0.5,0.65,95.3,-0.9859925205158587
122,2020-10-08,11:30:00,Highway 100,,56.0,76.0,1.45,0.0,0.4,19.2,26.7,11.7,180.0,0.0,0.0,0.0,1.05,72.34,-0.9973055078481687
123,2020-10-29,10:20:00,Highway 100,,2000.0,985,3.21,2.8,4.1,18.8,23.9,9.4,320.0,19.3,19.600000000000016,20.1,0.52,80.2,-0.9069018444402899
124,2021-06-29,10:24:00,Highway 100,,98.0,41.4,1.33,0.0,1.7,28.2,35.6,22.8,180.0,2.3,2.300000000000004,2.300000000000004,2.2,55.07,0.11139484702251705
125,2021-07-06,08:10:00,Highway 100,,40.0,33.8,1.29,0.0,1.8,28.2,35.0,21.7,150.0,0.0,0.0,8.900000000000006,1.88,36.75,-0.008872805159630166
126,2021-07-13,11:03:00,Highway 100,,78.0,85.8,1.53,0.5,4.2,25.2,28.9,22.8,180.0,14.2,14.200000000000005,14.200000000000005,1.72,69.91,-0.12901177899622526
127,2021-07-20,08:25:00,Highway 100,,200.0,65.1,1.45,0.0,3.8,26.4,32.2,22.2,20.0,63.5,63.50000000000001,63.8,1.52,49.89,-0.2472797524015874
128,2021-07-27,10:40:00,Highway 100,,100.0,39.6,1.32,0.0,2.0,28.5,35.0,23.9,360.0,39.9,39.900000000000006,39.900000000000006,2.07,23.97,-0.36196153757689215
129,2021-08-03,11:00:00,Highway 100,14.06,120.0,128,1.59,0.0,2.3,23.7,30.6,17.2,50.0,6.9,86.4,86.4,1.84,16.69,-0.4713939556156569
130,2021-08-17,11:05:00,Highway 100,31.2,110.0,174,1.73,0.0,1.7,25.9,31.7,22.2,60.0,9.7,9.7,15.3,1.58,84.63,-0.6682616371130238
131,2021-08-24,08:40:00,Highway 100,42.45,340.0,484,2.41,0.0,0.9,28.3,35.6,22.2,90.0,0.0,59.9,61.50000000000001,1.89,11.95,-0.7528418161767066
132,2021-09-07,12:07:00,Highway 100,9.72,130.0,331,2.12,0.0,1.0,22.2,30.6,14.4,170.0,1.0,1.0,1.000000000000007,1.91,0.51,-0.8881794966555421
133,2021-09-14,09:00:00,Highway 100,5.25,72.0,134,1.61,0.8,1.9,25.5,32.8,20.6,200.0,0.0,0.0,0.0,1.43,46.65,-0.9369742559047681
134,2021-09-28,08:55:00,Highway 100,8.29,150.0,440,2.40,0.0,1.3,22.2,30.6,15.6,210.0,0.0,0.0,0.0,1.37,6.25,-0.9932876317180517
135,2021-10-05,09:10:00,Highway 100,2.605,62.0,239,1.97,15.0,2.1,20.2,23.9,17.2,80.0,26.7,35.599999999999994,35.599999999999994,0.84,83.81,-0.9999895604474772
136,2021-10-12,09:07:00,Highway 100,6.545,72.0,240,1.98,0.5,1.8,23.8,28.3,16.7,240.0,0.0,0.0,0.0,1.2,24.7,-0.9921890854943195
137,2021-10-19,14:30:00,Highway 100,2.015,50.0,134,1.68,0.0,1.3,14.7,23.9,6.7,170.0,0.0,0.4999999999999964,6.099999999999996,0.94,18.62,-0.9699993336762585
138,2021-10-26,12:04:00,Highway 100,9.855,920.0,357,2.24,0.0,2.7,13.1,16.7,7.8,360.0,28.399999999999995,28.399999999999995,29.899999999999995,0.75,56.44,-0.9337421130913087
139,2022-05-24,11:32:00,Highway 100,11.254999999999999,122.3,293,2.01,23.1,3.0,18.8,27.2,15.6,200.0,5.8,24.3,24.3,1.84,90.59,0.6678660440432562
140,2022-05-31,11:44:00,Highway 100,9.07,56.1,238,1.88,0.0,2.5,26.6,32.8,20.0,180.0,0.0,0.0,10.7,2.55,9.05,0.5735545383583426
141,2022-06-07,09:00:00,Highway 100,4.48,190.4,116,1.53,10.9,2.1,25.5,32.8,21.7,240.0,2.8,2.8,2.8,2.12,73.78,0.4709250263879256
142,2022-06-14,10:14:00,Highway 100,10.07,161.6,147,1.59,0.0,2.5,31.3,36.1,26.1,200.0,0.0,0.0,0.0,2.6,33.13,0.3614658982824635
143,2022-06-21,11:21:00,Highway 100,10.515,110.6,63.9,1.30,0.0,0.9,27.5,36.7,17.8,250.0,0.0,0.0,6.6,,6.62,0.24676459107661747
144,2022-06-28,10:47:00,Highway 100,13.719999999999999,1986.3,32.2,1.14,0.0,3.9,25.1,32.8,18.3,30.0,0.0,0.0,0.0,2.3,56.56,0.12848456679619186
145,2022-07-12,11:58:00,Highway 100,19.75,93.3,119,1.50,0.0,3.3,28.5,35.0,23.3,360.0,0.0,59.4,82.0,2.22,45.35,-0.11192315931767621
146,2022-07-19,11:32:00,Highway 100,16.740000000000002,42.8,44.8,1.21,0.0,2.5,26.8,32.8,22.8,180.0,12.400000000000007,12.4,12.4,2.3,24.43,-0.2305643348608429
147,2022-07-26,10:55:00,Highway 100,22.450000000000003,48.0,27.5,1.11,1.8,2.8,26.9,34.4,23.9,320.0,10.200000000000006,10.2,10.5,1.15,96.16,-0.3458617384375816
148,2022-08-16,11:00:00,Highway 100,17.83,73.8,106,1.47,0.5,2.6,24.2,26.1,21.1,350.0,0.0,0.0,0.0,1.05,81.61,-0.6553571580703461
149,2022-08-23,09:19:00,Highway 100,44.900000000000006,139.1,144,1.59,0.0,1.3,25.7,32.2,19.4,20.0,0.0,3.3,20.1,2.01,17.05,-0.7414004178900595
150,2022-08-30,09:58:00,Highway 100,28.8,248.9,68.6,1.33,0.0,1.7,25.6,31.1,21.1,320.0,0.8000000000000071,0.8,1.6,1.67,63.8,-0.816691477310924
151,2022-09-20,10:52:00,Highway 100,6.43,145.0,57.1,1.22,0.0,2.4,29.3,37.2,22.8,10.0,0.0,0.0,0.0,1.7,14.08,-0.9680045197534627
152,2023-05-30,09:40:00,Highway 100,6.495,59.4,167,1.71,0.0,1.0,22.3,30.0,15.0,110.0,0.0,0.0,0.0,2.37,17.35,0.5875701798748979
153,2023-06-06,09:00:00,Highway 100,0.95,122.3,113,1.54,0.0,1.6,25.8,32.2,16.7,360.0,2.500000000000007,2.5,2.5,1.96,10.8,0.4860404158768522
154,2023-06-13,11:22:00,Highway 100,10.32,120.1,91.9,1.47,0.0,2.5,19.7,26.7,12.2,250.0,9.900000000000007,9.9,9.9,2.28,25.39,0.3774618239750876
155,2023-06-20,10:26:00,Highway 100,19.4,727.0,188,1.77,8.6,2.9,22.8,28.9,21.1,10.0,22.90000000000001,22.9,22.9,1.75,84.78,0.26340907117949436
156,2023-06-27,10:30:00,Highway 100,14.22,142.1,81.1,1.43,0.0,2.6,26.4,31.7,19.4,290.0,0.0,0.0,0.8,2.54,12.98,0.1455362138198196
157,2023-07-11,11:45:00,Highway 100,19.9,101.7,164,1.70,0.0,0.9,24.6,31.7,17.2,150.0,3.000000000000007,13.7,20.6,2.8,3.9,-0.09480137439153988
158,2023-07-18,10:48:00,Highway 100,11.33,59.8,122,1.57,29.2,2.6,27.2,32.8,21.1,290.0,0.0,15.0,15.0,1.7,64.16,-0.21378059613171532
159,2023-07-25,10:00:00,Highway 100,7.73,65.1,353,2.18,0.0,2.5,26.6,33.9,21.1,270.0,0.5000000000000071,0.5,5.1,2.46,22.7,-0.32965945300086347
160,2023-08-01,10:18:00,Highway 100,7.51,40.5,129,1.61,0.0,2.9,26.4,31.7,21.1,50.0,0.5000000000000071,28.7,29.0,2.81,15.17,-0.4407574054943112
161,2023-08-22,08:00:00,Highway 100,7.37,11.9,164,1.72,0.0,2.5,29.4,35.6,24.4,40.0,0.0,0.0,0.0,2.18,38.66,-0.7297393266588772
162,2023-09-05,09:41:00,Highway 100,14.365,125.9,66.2,1.39,5.8,1.7,26.9,32.8,23.3,290.0,0.0,0.0,0.0,1.69,82.47,-0.8718365465275525
163,2023-09-12,10:30:00,Highway 100,12.115,78.0,41.0,1.27,0.0,2.3,23.3,25.6,19.4,20.0,0.0,0.0,0.0,1.12,69.77,-0.924392149537103
164,2020-08-12,10:17:00,Highway 70,,43.0,161,,2.3,1.5,26.9,32.2,23.9,50.0,0.0,1.000000000000007,0.9999999999999928,1.45,86.27,-0.6154941241997053
165,2020-08-19,09:00:00,Highway 70,,140.0,207,,0.0,3.8,24.1,29.4,20.0,20.0,0.0,0.0,0.7999999999999929,1.35,73.74,-0.7057719511707795
166,2020-09-03,09:45:00,Highway 70,,1200.0,1610,,1.8,3.2,27.6,31.7,24.4,250.0,2.8,13.200000000000008,35.3,1.55,84.32,-0.8632763254741745
167,2020-09-24,10:30:00,Highway 70,,50.0,316,,0.8,3.3,17.3,19.4,16.1,60.0,0.5,0.5000000000000142,0.5,0.64,91.06,-0.9859925205158587
168,2020-10-08,10:40:00,Highway 70,,39.0,164,,0.0,0.4,19.2,26.7,11.7,180.0,0.0,0.0,0.0,0.95,79.14,-0.9973055078481687
169,2020-10-29,09:45:00,Highway 70,,2400.0,1010,,2.8,4.1,18.8,23.9,9.4,320.0,19.3,19.600000000000016,20.1,0.45,85.43,-0.9069018444402899
170,2021-07-06,10:45:00,Highway 70,,13.0,108,,0.0,1.8,28.2,35.0,21.7,150.0,0.0,0.0,8.900000000000006,1.87,43.94,-0.008872805159630166
171,2021-07-13,09:36:00,Highway 70,,33.0,228,,0.5,4.2,25.2,28.9,22.8,180.0,14.2,14.200000000000005,14.200000000000005,1.88,58.4,-0.12901177899622526
172,2021-07-20,09:45:00,Highway 70,16.81,96.0,306,,0.0,3.8,26.4,32.2,22.2,20.0,63.5,63.50000000000001,63.8,1.62,50.45,-0.2472797524015874
173,2021-07-27,08:30:00,Highway 70,,91.0,299,,0.0,2.0,28.5,35.0,23.9,360.0,39.9,39.900000000000006,39.900000000000006,2.11,16.34,-0.36196153757689215
174,2021-08-03,09:00:00,Highway 70,15.135,190.0,277,,0.0,2.3,23.7,30.6,17.2,50.0,6.9,86.4,86.4,1.91,22.57,-0.4713939556156569
175,2021-08-10,09:50:00,Highway 70,5.525,35.0,90.8,,0.0,3.0,29.8,35.6,24.4,250.0,3.0,3.3,3.3,1.93,30.7,-0.5739899568474081
176,2021-08-17,12:10:00,Highway 70,,98.0,353,,0.0,1.7,25.9,31.7,22.2,60.0,9.7,9.7,15.3,1.72,63.8,-0.6682616371130238
177,2021-08-24,09:00:00,Highway 70,37.7,160.0,931,,0.0,0.9,28.3,35.6,22.2,90.0,0.0,59.9,61.50000000000001,1.91,15.79,-0.7528418161767066
178,2021-09-07,08:30:00,Highway 70,7.5,91.0,546,,0.0,1.0,22.2,30.6,14.4,170.0,1.0,1.0,1.000000000000007,1.91,0.42,-0.8881794966555421
179,2021-09-14,10:25:00,Highway 70,5.21,39.0,210,,0.8,1.9,25.5,32.8,20.6,200.0,0.0,0.0,0.0,1.48,55.34,-0.9369742559047681
180,2021-09-28,09:35:00,Highway 70,6.815,82.0,882,,0.0,1.3,22.2,30.6,15.6,210.0,0.0,0.0,0.0,1.39,6.79,-0.9932876317180517
181,2021-10-05,11:30:00,Highway 70,2.725,110.0,575,,15.0,2.1,20.2,23.9,17.2,80.0,26.7,35.599999999999994,35.599999999999994,0.87,66.76,-0.9999895604474772
182,2021-10-26,10:24:00,Highway 70,6.97,1300.0,892,,0.0,2.7,13.1,16.7,7.8,360.0,28.399999999999995,28.399999999999995,29.899999999999995,0.91,41.74,-0.9337421130913087
183,2022-05-31,08:00:00,Highway 70,6.12,113.0,486,,0.0,2.5,26.6,32.8,20.0,180.0,0.0,0.0,10.7,2.62,7.21,0.5735545383583426
184,2022-06-07,08:00:00,Highway 70,6.76,28.5,267,,10.9,2.1,25.5,32.8,21.7,240.0,2.8,2.8,2.8,2.09,70.91,0.4709250263879256
185,2022-06-14,08:00:00,Highway 70,5.74,48.7,280,,0.0,2.5,31.3,36.1,26.1,200.0,0.0,0.0,0.0,2.52,14.4,0.3614658982824635
186,2022-06-21,09:00:00,Highway 70,8.765,32.3,174,,0.0,0.9,27.5,36.7,17.8,250.0,0.0,0.0,6.6,2.62,1.51,0.24676459107661747
187,2022-06-28,10:00:00,Highway 70,11.065,29.2,124,,0.0,3.9,25.1,32.8,18.3,30.0,0.0,0.0,0.0,2.02,52.63,0.12848456679619186
188,2022-07-12,09:05:00,Highway 70,13.89,59.8,225,,0.0,3.3,28.5,35.0,23.3,360.0,0.0,59.4,82.0,2.29,34.07,-0.11192315931767621
189,2022-07-19,09:30:00,Highway 70,14.645,1203.3,196,,0.0,2.5,26.8,32.8,22.8,180.0,12.400000000000007,12.4,12.4,2.12,29.77,-0.2305643348608429
190,2022-07-26,08:00:00,Highway 70,36.7,103.9,113,,1.8,2.8,26.9,34.4,23.9,320.0,10.200000000000006,10.2,10.5,1.62,95.24,-0.3458617384375816
191,2022-08-16,08:30:00,Highway 70,15.3,31.1,216,,0.5,2.6,24.2,26.1,21.1,350.0,0.0,0.0,0.0,0.88,86.21,-0.6553571580703461
192,2022-08-23,08:45:00,Highway 70,15.68,86.7,316,,0.0,1.3,25.7,32.2,19.4,20.0,0.0,3.3,20.1,2.05,10.27,-0.7414004178900595
193,2022-08-30,08:35:00,Highway 70,346.5,1553.1,367,,0.0,1.7,25.6,31.1,21.1,320.0,0.8000000000000071,0.8,1.6,1.82,59.75,-0.816691477310924
194,2022-09-13,08:32:00,Highway 70,15.01,73.3,280,,0.0,2.1,20.5,28.9,13.9,320.0,11.200000000000006,15.8,15.8,1.58,1.34,-0.930821113913325
195,2022-09-20,08:45:00,Highway 70,9.305,36.4,134,,0.0,2.4,29.3,37.2,22.8,10.0,0.0,0.0,0.0,1.7,5.89,-0.9680045197534627
196,2023-05-30,07:50:00,Highway 70,7.105,55.6,280,,0.0,1.0,22.3,30.0,15.0,110.0,0.0,0.0,0.0,2.31,43.73,0.5875701798748979
197,2023-06-06,08:35:00,Highway 70,7.275,52.9,199,,0.0,1.6,25.8,32.2,16.7,360.0,2.500000000000007,2.5,2.5,2.03,10.93,0.4860404158768522
198,2023-06-13,08:10:00,Highway 70,8.98,77.6,164,,0.0,2.5,19.7,26.7,12.2,250.0,9.900000000000007,9.9,9.9,2.27,32.65,0.3774618239750876
199,2023-06-20,08:20:00,Highway 70,18.5,136.7,174,,8.6,2.9,22.8,28.9,21.1,10.0,22.90000000000001,22.9,22.9,1.59,85.12,0.26340907117949436
200,2023-06-27,08:45:00,Highway 70,11.73,93.3,156,,0.0,2.6,26.4,31.7,19.4,290.0,0.0,0.0,0.8,2.7,10.17,0.1455362138198196
201,2023-07-11,08:35:00,Highway 70,16.595,71.7,346,,0.0,0.9,24.6,31.7,17.2,150.0,3.000000000000007,13.7,20.6,2.84,3.26,-0.09480137439153988
202,2023-07-25,09:30:00,Highway 70,,770.1,550,,0.0,2.5,26.6,33.9,21.1,270.0,0.5000000000000071,0.5,5.1,2.57,27.73,-0.32965945300086347
203,2023-08-01,08:10:00,Highway 70,7.62,52.0,213,,0.0,2.9,26.4,31.7,21.1,50.0,0.5000000000000071,28.7,29.0,2.66,42.4,-0.4407574054943112
204,2023-08-22,08:35:00,Highway 70,9.91,28.1,261,,0.0,2.5,29.4,35.6,24.4,40.0,0.0,0.0,0.0,2.05,37.03,-0.7297393266588772
205,2023-08-29,08:40:00,Highway 70,17.49,90.8,363,,0.0,3.3,26.6,31.7,21.1,360.0,0.0,0.8,0.8,2.41,13.36,-0.8066370859788208
206,2023-09-05,07:45:00,Highway 70,11.915,143.9,127,,5.8,1.7,26.9,32.8,23.3,290.0,0.0,0.0,0.0,1.87,84.84,-0.8718365465275525
207,2023-09-12,09:10:00,Highway 70,9.165,31.2,86.6,,0.0,2.3,23.3,25.6,19.4,20.0,0.0,0.0,0.0,1.2,76.67,-0.924392149537103
208,2024-06-11,09:00:00,Highway 70,,35.5,403,2.11,0.0,3.3,20.7,27.2,13.9,40.0,4.300000000000014,4.3,4.3,,,0.39334589958300126
209,2024-06-18,08:30:00,Highway 70,,71.7,263,1.63,0.0,2.7,28.3,31.7,24.4,180.0,17.800000000000015,17.8,17.8,,,0.2799754974897706
210,2021-06-29,10:44:00,Jackson Blvd,,56.0,2.71,0.55,0.0,1.7,28.2,35.6,22.8,180.0,2.3,2.300000000000004,2.300000000000004,2.2,55.07,0.11139484702251705
211,2021-07-06,08:29:00,Jackson Blvd,,99.0,2.96,0.56,0.0,1.8,28.2,35.0,21.7,150.0,0.0,0.0,8.900000000000006,1.88,36.75,-0.008872805159630166
212,2021-07-13,08:11:00,Jackson Blvd,,480.0,16.6,0.82,0.5,4.2,25.2,28.9,22.8,180.0,14.2,14.200000000000005,14.200000000000005,1.72,69.91,-0.12901177899622526
213,2021-07-20,09:45:00,Jackson Blvd,4.155,460.0,12.8,0.77,0.0,3.8,26.4,32.2,22.2,20.0,63.5,63.50000000000001,63.8,1.52,49.89,-0.2472797524015874
214,2021-07-27,09:57:00,Jackson Blvd,,280.0,8.56,0.70,0.0,2.0,28.5,35.0,23.9,360.0,39.9,39.900000000000006,39.900000000000006,2.07,23.97,-0.36196153757689215
215,2021-08-03,09:22:00,Jackson Blvd,0.805,820.0,27.9,0.97,0.0,2.3,23.7,30.6,17.2,50.0,6.9,86.4,86.4,1.84,16.69,-0.4713939556156569
216,2021-08-10,08:26:00,Jackson Blvd,0.48,230.0,9.13,0.73,0.0,3.0,29.8,35.6,24.4,250.0,3.0,3.3,3.3,1.85,35.76,-0.5739899568474081
217,2021-08-24,09:38:00,Jackson Blvd,0.115,87.0,12.1,0.78,0.0,0.9,28.3,35.6,22.2,90.0,0.0,59.9,61.50000000000001,1.89,11.95,-0.7528418161767066
218,2021-09-07,09:28:00,Jackson Blvd,0.09,310.0,13.5,0.80,0.0,1.0,22.2,30.6,14.4,170.0,1.0,1.0,1.000000000000007,1.91,0.51,-0.8881794966555421
219,2021-09-14,07:32:00,Jackson Blvd,0.54,80.0,5.70,0.66,0.8,1.9,25.5,32.8,20.6,200.0,0.0,0.0,0.0,1.43,46.65,-0.9369742559047681
220,2021-09-28,10:04:00,Jackson Blvd,0.88,240.0,22.9,0.90,0.0,1.3,22.2,30.6,15.6,210.0,0.0,0.0,0.0,1.37,6.25,-0.9932876317180517
221,2021-10-05,11:05:00,Jackson Blvd,0.215,650.0,36.7,1.04,15.0,2.1,20.2,23.9,17.2,80.0,26.7,35.599999999999994,35.599999999999994,0.84,83.81,-0.9999895604474772
222,2021-10-12,10:11:00,Jackson Blvd,0.48,690.0,19.4,0.86,0.5,1.8,23.8,28.3,16.7,240.0,0.0,0.0,0.0,1.2,24.7,-0.9921890854943195
223,2021-10-19,11:16:00,Jackson Blvd,0.07,170.0,10.7,0.74,0.0,1.3,14.7,23.9,6.7,170.0,0.0,0.4999999999999964,6.099999999999996,0.94,18.62,-0.9699993336762585
224,2021-10-26,09:44:00,Jackson Blvd,1.425,1300.0,32.6,1.00,0.0,2.7,13.1,16.7,7.8,360.0,28.399999999999995,28.399999999999995,29.899999999999995,0.75,56.44,-0.9337421130913087
225,2022-05-24,10:49:00,Jackson Blvd,2.34,387.3,8.14,0.70,23.1,3.0,18.8,27.2,15.6,200.0,5.8,24.3,24.3,1.84,90.59,0.6678660440432562
226,2022-05-31,10:51:00,Jackson Blvd,0.62,488.4,10.7,0.73,0.0,2.5,26.6,32.8,20.0,180.0,0.0,0.0,10.7,2.55,9.05,0.5735545383583426
227,2022-06-07,10:49:00,Jackson Blvd,1.975,2419.6,11.3,0.74,10.9,2.1,25.5,32.8,21.7,240.0,2.8,2.8,2.8,2.12,73.78,0.4709250263879256
228,2022-06-21,12:05:00,Jackson Blvd,4.805,387.3,3.57,0.55,0.0,0.9,27.5,36.7,17.8,250.0,0.0,0.0,6.6,,6.62,0.24676459107661747
229,2022-06-28,10:45:00,Jackson Blvd,1.585,198.9,2.74,0.52,0.0,3.9,25.1,32.8,18.3,30.0,0.0,0.0,0.0,2.3,56.56,0.12848456679619186
230,2022-07-12,09:22:00,Jackson Blvd,1.275,104.3,9.24,0.68,0.0,3.3,28.5,35.0,23.3,360.0,0.0,59.4,82.0,2.22,45.35,-0.11192315931767621
231,2022-07-19,09:49:00,Jackson Blvd,1.495,517.2,10.7,0.71,0.0,2.5,26.8,32.8,22.8,180.0,12.400000000000007,12.4,12.4,2.3,24.43,-0.2305643348608429
232,2022-07-26,10:24:00,Jackson Blvd,2.6399999999999997,613.1,7.59,0.65,1.8,2.8,26.9,34.4,23.9,320.0,10.200000000000006,10.2,10.5,1.15,96.16,-0.3458617384375816
233,2022-08-16,10:07:00,Jackson Blvd,1.355,727.0,4.19,0.57,0.5,2.6,24.2,26.1,21.1,350.0,0.0,0.0,0.0,1.05,81.61,-0.6553571580703461
234,2022-08-23,09:24:00,Jackson Blvd,1.33,167.4,4.55,0.58,0.0,1.3,25.7,32.2,19.4,20.0,0.0,3.3,20.1,2.01,17.05,-0.7414004178900595
235,2022-08-30,09:22:00,Jackson Blvd,1,648.8,4.15,0.57,0.0,1.7,25.6,31.1,21.1,320.0,0.8000000000000071,0.8,1.6,1.67,63.8,-0.816691477310924
236,2023-06-06,09:37:00,Jackson Blvd,1.875,488.4,5.31,0.64,0.0,1.6,25.8,32.2,16.7,360.0,2.500000000000007,2.5,2.5,1.96,10.8,0.4860404158768522
237,2023-06-13,09:15:00,Jackson Blvd,1.51,1553.1,7.50,0.69,0.0,2.5,19.7,26.7,12.2,250.0,9.900000000000007,9.9,9.9,2.28,25.39,0.3774618239750876
238,2023-06-20,10:22:00,Jackson Blvd,2.79,1553.1,9.68,0.73,8.6,2.9,22.8,28.9,21.1,10.0,22.90000000000001,22.9,22.9,1.75,84.78,0.26340907117949436
239,2023-06-27,10:15:00,Jackson Blvd,1.93,292.4,5.31,0.64,0.0,2.6,26.4,31.7,19.4,290.0,0.0,0.0,0.8,2.54,12.98,0.1455362138198196
240,2023-07-11,10:35:00,Jackson Blvd,,275.5,10.9,0.75,0.0,0.9,24.6,31.7,17.2,150.0,3.000000000000007,13.7,20.6,2.8,3.9,-0.09480137439153988
241,2023-08-22,07:54:00,Jackson Blvd,7.54,238.2,10.2,0.72,0.0,2.5,29.4,35.6,24.4,40.0,0.0,0.0,0.0,2.18,38.66,-0.7297393266588772
242,2023-08-29,09:42:00,Jackson Blvd,1.595,238.2,6.07,0.64,0.0,3.3,26.6,31.7,21.1,360.0,0.0,0.8,0.8,2.34,29.47,-0.8066370859788208
243,2023-09-05,10:00:00,Jackson Blvd,1.9849999999999999,235.9,3.82,0.58,5.8,1.7,26.9,32.8,23.3,290.0,0.0,0.0,0.0,1.69,82.47,-0.8718365465275525
244,2023-09-12,10:00:00,Jackson Blvd,1.625,298.7,3.82,0.58,0.0,2.3,23.3,25.6,19.4,20.0,0.0,0.0,0.0,1.12,69.77,-0.924392149537103
245,2024-06-11,08:57:00,Jackson Blvd,,461.1,9.68,0.70,0.0,3.3,20.7,27.2,13.9,40.0,4.300000000000014,4.3,4.3,,,0.39334589958300126
246,2024-06-18,08:59:00,Jackson Blvd,,298.7,5.70,0.62,0.0,2.7,28.3,31.7,24.4,180.0,17.800000000000015,17.8,17.8,,,0.2799754974897706
247,2020-09-03,11:18:00,Richland Creek,,1600.0,16.6,0.85,1.8,3.2,27.6,31.7,24.4,250.0,2.8,13.200000000000008,35.3,1.48,77.91,-0.8632763254741745
248,2020-09-24,10:36:00,Richland Creek,,170.0,6.11,0.68,0.8,3.3,17.3,19.4,16.1,60.0,0.5,0.5000000000000142,0.5,0.65,95.3,-0.9859925205158587
249,2020-10-08,09:48:00,Richland Creek,,100.0,3.24,0.60,0.0,0.4,19.2,26.7,11.7,180.0,0.0,0.0,0.0,1.05,72.34,-0.9973055078481687
250,2020-10-29,10:04:00,Richland Creek,,2400.0,46.1,1.14,2.8,4.1,18.8,23.9,9.4,320.0,19.3,19.600000000000016,20.1,0.52,80.2,-0.9069018444402899
251,2021-06-29,09:25:00,Richland Creek,,130.0,2.71,0.55,0.0,1.7,28.2,35.6,22.8,180.0,2.3,2.300000000000004,2.300000000000004,2.2,55.07,0.11139484702251705
252,2021-07-06,08:08:00,Richland Creek,,290.0,2.96,0.56,0.0,1.8,28.2,35.0,21.7,150.0,0.0,0.0,8.900000000000006,1.88,36.75,-0.008872805159630166
253,2021-07-13,08:00:00,Richland Creek,,660.0,16.6,0.82,0.5,4.2,25.2,28.9,22.8,180.0,14.2,14.200000000000005,14.200000000000005,1.72,69.91,-0.12901177899622526
254,2021-07-20,10:06:00,Richland Creek,8.395,340.0,12.8,0.77,0.0,3.8,26.4,32.2,22.2,20.0,63.5,63.50000000000001,63.8,1.52,49.89,-0.2472797524015874
255,2021-07-27,09:05:00,Richland Creek,,520.0,8.56,0.70,0.0,2.0,28.5,35.0,23.9,360.0,39.9,39.900000000000006,39.900000000000006,2.07,23.97,-0.36196153757689215
256,2021-08-03,09:15:00,Richland Creek,1.025,580.0,27.9,0.97,0.0,2.3,23.7,30.6,17.2,50.0,6.9,86.4,86.4,1.84,16.69,-0.4713939556156569
257,2021-08-10,05:45:00,Richland Creek,3.345,1600.0,9.13,0.73,0.0,3.0,29.8,35.6,24.4,250.0,3.0,3.3,3.3,1.85,35.76,-0.5739899568474081
258,2021-09-07,12:40:00,Richland Creek,1.145,130.0,12.8,0.79,0.0,1.0,22.2,30.6,14.4,170.0,1.0,1.0,1.000000000000007,1.91,0.51,-0.8881794966555421
259,2021-09-14,09:00:00,Richland Creek,1.885,260.0,5.70,0.66,0.8,1.9,25.5,32.8,20.6,200.0,0.0,0.0,0.0,1.43,46.65,-0.9369742559047681
260,2021-09-28,12:55:00,Richland Creek,0.985,200.0,22.0,0.89,0.0,1.3,22.2,30.6,15.6,210.0,0.0,0.0,0.0,1.37,6.25,-0.9932876317180517
261,2021-10-05,12:45:00,Richland Creek,0.66,1200.0,35.6,1.03,15.0,2.1,20.2,23.9,17.2,80.0,26.7,35.599999999999994,35.599999999999994,0.84,83.81,-0.9999895604474772
262,2021-10-12,12:50:00,Richland Creek,1.715,160.0,18.6,0.85,0.5,1.8,23.8,28.3,16.7,240.0,0.0,0.0,0.0,1.2,24.7,-0.9921890854943195
263,2021-10-19,12:50:00,Richland Creek,0.235,73.0,10.7,0.74,0.0,1.3,14.7,23.9,6.7,170.0,0.0,0.4999999999999964,6.099999999999996,0.94,18.62,-0.9699993336762585
264,2021-10-26,12:50:00,Richland Creek,3.835,1600.0,30.7,0.98,0.0,2.7,13.1,16.7,7.8,360.0,28.399999999999995,28.399999999999995,29.899999999999995,0.75,56.44,-0.9337421130913087
265,2022-05-24,09:18:00,Richland Creek,2.175,204.6,8.14,0.70,23.1,3.0,18.8,27.2,15.6,200.0,5.8,24.3,24.3,1.84,90.59,0.6678660440432562
266,2022-05-31,09:05:00,Richland Creek,1.58,206.4,10.1,0.72,0.0,2.5,26.6,32.8,20.0,180.0,0.0,0.0,10.7,2.55,9.05,0.5735545383583426
267,2022-06-07,08:50:00,Richland Creek,5.835,2419.6,14.9,0.79,10.9,2.1,25.5,32.8,21.7,240.0,2.8,2.8,2.8,2.12,73.78,0.4709250263879256
268,2022-06-14,08:04:00,Richland Creek,5.75,727.0,4.12,0.59,0.0,2.5,31.3,36.1,26.1,200.0,0.0,0.0,0.0,2.6,33.13,0.3614658982824635
269,2022-06-21,08:25:00,Richland Creek,1.1600000000000001,30.1,3.89,0.56,0.0,0.9,27.5,36.7,17.8,250.0,0.0,0.0,6.6,,6.62,0.24676459107661747
270,2022-06-28,08:45:00,Richland Creek,1.465,88.6,3.00,0.53,0.0,3.9,25.1,32.8,18.3,30.0,0.0,0.0,0.0,2.3,56.56,0.12848456679619186
271,2022-07-12,08:45:00,Richland Creek,1.875,98.8,9.24,0.68,0.0,3.3,28.5,35.0,23.3,360.0,0.0,59.4,82.0,2.22,45.35,-0.11192315931767621
272,2022-07-19,08:50:00,Richland Creek,3.7199999999999998,222.4,10.7,0.71,0.0,2.5,26.8,32.8,22.8,180.0,12.400000000000007,12.4,12.4,2.3,24.43,-0.2305643348608429
273,2022-07-26,08:40:00,Richland Creek,3.99,2419.6,8.12,0.66,1.8,2.8,26.9,34.4,23.9,320.0,10.200000000000006,10.2,10.5,1.15,96.16,-0.3458617384375816
274,2022-08-16,08:35:00,Richland Creek,1.9700000000000002,579.4,4.19,0.57,0.5,2.6,24.2,26.1,21.1,350.0,0.0,0.0,0.0,1.05,81.61,-0.6553571580703461
275,2022-08-23,08:55:00,Richland Creek,2.065,579.4,4.55,0.58,0.0,1.3,25.7,32.2,19.4,20.0,0.0,3.3,20.1,2.01,17.05,-0.7414004178900595
276,2023-06-13,10:13:00,Richland Creek,2,579.4,7.50,0.69,0.0,2.5,19.7,26.7,12.2,250.0,9.900000000000007,9.9,9.9,2.28,25.39,0.3774618239750876
277,2023-06-20,09:59:00,Richland Creek,3.16,770.1,9.68,0.73,8.6,2.9,22.8,28.9,21.1,10.0,22.90000000000001,22.9,22.9,1.75,84.78,0.26340907117949436
278,2023-06-27,10:08:00,Richland Creek,3.59,167.0,5.31,0.64,0.0,2.6,26.4,31.7,19.4,290.0,0.0,0.0,0.8,2.54,12.98,0.1455362138198196
279,2023-07-11,09:35:00,Richland Creek,3.3200000000000003,260.3,10.9,0.75,0.0,0.9,24.6,31.7,17.2,150.0,3.000000000000007,13.7,20.6,2.8,3.9,-0.09480137439153988
280,2023-07-18,09:21:00,Richland Creek,4.27,157.6,9.13,0.72,29.2,2.6,27.2,32.8,21.1,290.0,0.0,15.0,15.0,1.7,64.16,-0.21378059613171532
281,2023-08-01,09:55:00,Richland Creek,8.91,261.3,8.56,0.71,0.0,2.9,26.4,31.7,21.1,50.0,0.5000000000000071,28.7,29.0,2.81,15.17,-0.4407574054943112
282,2023-08-22,10:07:00,Richland Creek,2.46,218.7,10.2,0.72,0.0,2.5,29.4,35.6,24.4,40.0,0.0,0.0,0.0,2.18,38.66,-0.7297393266588772
283,2023-08-29,09:37:00,Richland Creek,2.11,1986.3,6.07,0.64,0.0,3.3,26.6,31.7,21.1,360.0,0.0,0.8,0.8,2.34,29.47,-0.8066370859788208
284,2024-06-11,09:28:00,Richland Creek,,1046.2,9.68,0.70,0.0,3.3,20.7,27.2,13.9,40.0,4.300000000000014,4.3,4.3,,,0.39334589958300126
285,2024-06-17,09:10:00,Richland Creek,,1413.6,6.55,0.64,0.0,3.2,26.9,34.4,22.8,160.0,17.800000000000015,17.8,17.8,,,0.29645896101777086
286,2021-06-29,10:28:00,Mill Creek Greenway,,50.0,12.3,2.46,0.0,1.7,28.2,35.6,22.8,180.0,2.3,2.300000000000004,2.300000000000004,2.2,55.07,0.11139484702251705
287,2021-07-06,12:22:00,Mill Creek Greenway,,58.0,12.9,2.47,0.0,1.8,28.2,35.0,21.7,150.0,0.0,0.0,8.900000000000006,1.88,36.75,-0.008872805159630166
288,2021-07-13,12:36:00,Mill Creek Greenway,,310.0,43.1,2.82,0.5,4.2,25.2,28.9,22.8,180.0,14.2,14.200000000000005,14.200000000000005,1.72,69.91,-0.12901177899622526
289,2021-07-20,01:09:00,Mill Creek Greenway,,690.0,58.8,2.95,0.0,3.8,26.4,32.2,22.2,20.0,63.5,63.50000000000001,63.8,1.52,49.89,-0.2472797524015874
290,2021-07-27,12:21:00,Mill Creek Greenway,12.4,1200.0,81.5,3.10,0.0,2.0,28.5,35.0,23.9,360.0,39.9,39.900000000000006,39.900000000000006,2.07,23.97,-0.36196153757689215
291,2021-08-03,11:52:00,Mill Creek Greenway,12.07,610.0,95.4,3.12,0.0,2.3,23.7,30.6,17.2,50.0,6.9,86.4,86.4,1.84,16.69,-0.4713939556156569
292,2021-08-10,11:50:00,Mill Creek Greenway,5.275,54.0,31.3,2.65,0.0,3.0,29.8,35.6,24.4,250.0,3.0,3.3,3.3,1.85,35.76,-0.5739899568474081
293,2021-08-17,11:22:00,Mill Creek Greenway,4.19,360.0,58.8,2.89,0.0,1.7,25.9,31.7,22.2,60.0,9.7,9.7,15.3,1.58,84.63,-0.6682616371130238
294,2021-08-24,11:09:00,Mill Creek Greenway,5.445,260.0,95.4,3.12,0.0,0.9,28.3,35.6,22.2,90.0,0.0,59.9,61.50000000000001,1.89,11.95,-0.7528418161767066
295,2021-09-07,09:14:00,Mill Creek Greenway,1.77,390.0,61.5,2.91,0.0,1.0,22.2,30.6,14.4,170.0,1.0,1.0,1.000000000000007,1.91,0.51,-0.8881794966555421
296,2021-09-14,11:30:00,Mill Creek Greenway,3.865,78.0,27.6,2.61,0.8,1.9,25.5,32.8,20.6,200.0,0.0,0.0,0.0,1.43,46.65,-0.9369742559047681
297,2021-09-28,12:22:00,Mill Creek Greenway,2.535,330.0,70.2,3.06,0.0,1.3,22.2,30.6,15.6,210.0,0.0,0.0,0.0,1.37,6.25,-0.9932876317180517
298,2021-10-05,11:00:00,Mill Creek Greenway,1.595,210.0,66.0,3.03,15.0,2.1,20.2,23.9,17.2,80.0,26.7,35.599999999999994,35.599999999999994,0.84,83.81,-0.9999895604474772
299,2021-10-12,11:37:00,Mill Creek Greenway,1.95,290.0,68.7,3.05,0.5,1.8,23.8,28.3,16.7,240.0,0.0,0.0,0.0,1.2,24.7,-0.9921890854943195
300,2021-10-19,12:15:00,Mill Creek Greenway,1.935,88.0,35.3,2.78,0.0,1.3,14.7,23.9,6.7,170.0,0.0,0.4999999999999964,6.099999999999996,0.94,18.62,-0.9699993336762585
301,2021-10-26,12:10:00,Mill Creek Greenway,11.555,2400.0,107,3.27,0.0,2.7,13.1,16.7,7.8,360.0,28.399999999999995,28.399999999999995,29.899999999999995,0.75,56.44,-0.9337421130913087
302,2022-05-24,08:45:00,Mill Creek Greenway,7.385,105.4,53.1,2.86,23.1,3.0,18.8,27.2,15.6,200.0,5.8,24.3,24.3,1.84,90.59,0.6678660440432562
303,2022-05-31,07:49:00,Mill Creek Greenway,5.595000000000001,160.7,44.8,2.79,0.0,2.5,26.6,32.8,20.0,180.0,0.0,0.0,10.7,2.55,9.05,0.5735545383583426
304,2022-06-07,08:35:00,Mill Creek Greenway,28.799999999999997,332.8,49.4,2.83,10.9,2.1,25.5,32.8,21.7,240.0,2.8,2.8,2.8,2.12,73.78,0.4709250263879256
305,2022-06-14,09:40:00,Mill Creek Greenway,16.96,56.1,17.2,2.49,0.0,2.5,31.3,36.1,26.1,200.0,0.0,0.0,0.0,2.6,33.13,0.3614658982824635
306,2022-06-21,08:35:00,Mill Creek Greenway,6.785,111.2,11.8,2.40,0.0,0.9,27.5,36.7,17.8,250.0,0.0,0.0,6.6,,6.62,0.24676459107661747
307,2022-06-28,08:23:00,Mill Creek Greenway,3.67,143.9,6.80,2.29,0.0,3.9,25.1,32.8,18.3,30.0,0.0,0.0,0.0,2.3,56.56,0.12848456679619186
308,2022-07-11,02:02:00,Mill Creek Greenway,1.37,50.4,67.3,2.96,0.0,1.2,27.4,33.3,21.1,60.0,59.4,70.6,102.1,2.64,17.38,-0.09480137439153988
309,2022-07-19,09:00:00,Mill Creek Greenway,4.245,238.2,20.3,2.53,0.0,2.5,26.8,32.8,22.8,180.0,12.400000000000007,12.4,12.4,2.3,24.43,-0.2305643348608429
310,2022-07-26,11:05:00,Mill Creek Greenway,12.52,107.1,11.8,2.40,1.8,2.8,26.9,34.4,23.9,320.0,10.200000000000006,10.2,10.5,1.15,96.16,-0.3458617384375816
311,2022-08-23,10:20:00,Mill Creek Greenway,5.395,228.2,15.4,2.47,0.0,1.3,25.7,32.2,19.4,20.0,0.0,3.3,20.1,2.01,17.05,-0.7414004178900595
312,2022-08-30,10:20:00,Mill Creek Greenway,4,290.9,18.8,2.52,0.0,1.7,25.6,31.1,21.1,320.0,0.8000000000000071,0.8,1.6,1.67,63.8,-0.816691477310924
313,2023-05-30,09:45:00,Mill Creek Greenway,2.76,155.3,33.3,2.66,0.0,1.0,22.3,30.0,15.0,110.0,0.0,0.0,0.0,2.37,17.35,0.5875701798748979
314,2023-06-06,10:45:00,Mill Creek Greenway,4.92,110.6,18.1,2.48,0.0,1.6,25.8,32.2,16.7,360.0,2.500000000000007,2.5,2.5,1.96,10.8,0.4860404158768522
315,2023-06-13,08:35:00,Mill Creek Greenway,6.39,74.9,22.5,2.54,0.0,2.5,19.7,26.7,12.2,250.0,9.900000000000007,9.9,9.9,2.28,25.39,0.3774618239750876
316,2023-06-20,10:33:00,Mill Creek Greenway,8.45,248.9,38.6,2.71,8.6,2.9,22.8,28.9,21.1,10.0,22.90000000000001,22.9,22.9,1.75,84.78,0.26340907117949436
317,2023-07-11,11:57:00,Mill Creek Greenway,,113.7,37.5,2.70,0.0,0.9,24.6,31.7,17.2,150.0,3.000000000000007,13.7,20.6,2.8,3.9,-0.09480137439153988
318,2023-08-01,11:10:00,Mill Creek Greenway,8.27,19.1,32.3,2.64,0.0,2.9,26.4,31.7,21.1,50.0,0.5000000000000071,28.7,29.0,2.81,15.17,-0.4407574054943112
319,2023-08-22,09:34:00,Mill Creek Greenway,3.36,128.1,26.7,2.58,0.0,2.5,29.4,35.6,24.4,40.0,0.0,0.0,0.0,2.18,38.66,-0.7297393266588772
320,2023-09-12,10:35:00,Mill Creek Greenway,2.13,137.4,10.2,2.34,0.0,2.3,23.3,25.6,19.4,20.0,0.0,0.0,0.0,1.12,69.77,-0.924392149537103
321,2024-06-11,12:11:00,Mill Creek Greenway,,51.2,39.8,2.69,0.0,3.3,20.7,27.2,13.9,40.0,4.300000000000014,4.3,4.3,,,0.39334589958300126
322,2021-06-29,06:34:00,Whitsett Park,,50.0,12.3,2.46,0.0,1.7,28.2,35.6,22.8,180.0,2.3,2.300000000000004,2.300000000000004,2.2,55.07,0.11139484702251705
323,2021-07-06,12:50:00,Whitsett Park,,23.0,13.5,2.48,0.0,1.8,28.2,35.0,21.7,150.0,0.0,0.0,8.900000000000006,1.88,36.75,-0.008872805159630166
324,2021-07-13,06:50:00,Whitsett Park,,160.0,44.1,2.83,0.5,4.2,25.2,28.9,22.8,180.0,14.2,14.200000000000005,14.200000000000005,1.72,69.91,-0.12901177899622526
325,2021-07-20,02:30:00,Whitsett Park,,550.0,57.5,2.94,0.0,3.8,26.4,32.2,22.2,20.0,63.5,63.50000000000001,63.8,1.52,49.89,-0.2472797524015874
326,2021-07-27,07:59:00,Whitsett Park,,1400.0,99.2,3.20,0.0,2.0,28.5,35.0,23.9,360.0,39.9,39.900000000000006,39.900000000000006,2.07,23.97,-0.36196153757689215
327,2021-08-03,07:12:00,Whitsett Park,10.035,490.0,105,3.17,0.0,2.3,23.7,30.6,17.2,50.0,6.9,86.4,86.4,1.84,16.69,-0.4713939556156569
328,2021-08-10,07:06:00,Whitsett Park,21.75,120.0,30.4,2.64,0.0,3.0,29.8,35.6,24.4,250.0,3.0,3.3,3.3,1.85,35.76,-0.5739899568474081
329,2021-08-24,13:30:00,Whitsett Park,5.9,180.0,91.8,3.10,0.0,0.9,28.3,35.6,22.2,90.0,0.0,59.9,61.50000000000001,1.89,11.95,-0.7528418161767066
330,2021-09-07,07:27:00,Whitsett Park,3.91,180.0,62.9,2.92,0.0,1.0,22.2,30.6,14.4,170.0,1.0,1.0,1.000000000000007,1.91,0.51,-0.8881794966555421
331,2021-09-14,08:21:00,Whitsett Park,3.435,190.0,27.6,2.61,0.8,1.9,25.5,32.8,20.6,200.0,0.0,0.0,0.0,1.43,46.65,-0.9369742559047681
332,2021-09-28,07:22:00,Whitsett Park,3.88,240.0,71.8,3.07,0.0,1.3,22.2,30.6,15.6,210.0,0.0,0.0,0.0,1.37,6.25,-0.9932876317180517
333,2021-10-05,07:18:00,Whitsett Park,2.97,290.0,67.8,3.04,15.0,2.1,20.2,23.9,17.2,80.0,26.7,35.599999999999994,35.599999999999994,0.84,83.81,-0.9999895604474772
334,2021-10-12,07:27:00,Whitsett Park,4.195,410.0,71.8,3.07,0.5,1.8,23.8,28.3,16.7,240.0,0.0,0.0,0.0,1.2,24.7,-0.9921890854943195
335,2021-10-19,08:48:00,Whitsett Park,1.055,160.0,34.3,2.77,0.0,1.3,14.7,23.9,6.7,170.0,0.0,0.4999999999999964,6.099999999999996,0.94,18.62,-0.9699993336762585
336,2021-10-26,07:05:00,Whitsett Park,6.56,2000.0,127,3.37,0.0,2.7,13.1,16.7,7.8,360.0,28.399999999999995,28.399999999999995,29.899999999999995,0.75,56.44,-0.9337421130913087
337,2022-06-14,10:00:00,Whitsett Park,5.79,191.8,17.2,2.49,0.0,2.5,31.3,36.1,26.1,200.0,0.0,0.0,0.0,2.6,33.13,0.3614658982824635
338,2022-06-21,10:00:00,Whitsett Park,7.4,204.6,11.8,2.40,0.0,0.9,27.5,36.7,17.8,250.0,0.0,0.0,6.6,,6.62,0.24676459107661747
339,2022-06-28,10:45:00,Whitsett Park,9.205,88.6,6.80,2.29,0.0,3.9,25.1,32.8,18.3,30.0,0.0,0.0,0.0,2.3,56.56,0.12848456679619186
340,2022-07-12,09:50:00,Whitsett Park,10.940000000000001,517.2,36.4,2.71,0.0,3.3,28.5,35.0,23.3,360.0,0.0,59.4,82.0,2.22,45.35,-0.11192315931767621
341,2022-07-19,10:20:00,Whitsett Park,7.67,387.3,19.5,2.52,0.0,2.5,26.8,32.8,22.8,180.0,12.400000000000007,12.4,12.4,2.3,24.43,-0.2305643348608429
342,2022-07-26,09:30:00,Whitsett Park,10.969999999999999,209.8,12.4,2.41,1.8,2.8,26.9,34.4,23.9,320.0,10.200000000000006,10.2,10.5,1.15,96.16,-0.3458617384375816
343,2022-08-16,10:55:00,Whitsett Park,7.1,98.5,20.2,2.54,0.5,2.6,24.2,26.1,21.1,350.0,0.0,0.0,0.0,1.05,81.61,-0.6553571580703461
344,2022-09-13,10:00:00,Whitsett Park,10.45,218.7,18.8,2.85,0.0,2.1,20.5,28.9,13.9,320.0,11.200000000000006,15.8,15.8,1.56,3.84,-0.930821113913325
345,2023-06-06,13:15:00,Whitsett Park,,70.8,18.8,2.49,0.0,1.6,25.8,32.2,16.7,360.0,2.500000000000007,2.5,2.5,1.96,10.8,0.4860404158768522
346,2023-07-10,09:00:00,Whitsett Park,8.754999999999999,93.3,51.1,2.82,0.0,2.2,23.9,30.6,18.9,360.0,13.700000000000006,13.7,20.9,2.82,6.16,-0.07765149777217935
347,2023-08-22,10:19:00,Whitsett Park,5.42,74.3,27.6,2.59,0.0,2.5,29.4,35.6,24.4,40.0,0.0,0.0,0.0,2.18,38.66,-0.7297393266588772
348,2023-09-12,10:37:00,Whitsett Park,3.615,27.2,10.2,2.34,0.0,2.3,23.3,25.6,19.4,20.0,0.0,0.0,0.0,1.12,69.77,-0.924392149537103
349,2024-06-12,09:07:00,Whitsett Park,,111.9,35.3,2.65,0.0,1.4,21.7,28.9,13.9,60.0,0.0,4.3,4.3,,,0.3774618239750876
350,2024-06-19,09:10:00,Whitsett Park,,290.9,28.5,2.58,0.0,2.4,27.4,30.6,22.2,190.0,0.0,17.8,17.8,,,0.26340907117949436
351,2022-06-07,09:00:00,Browns Creek,1.15,1413.6,8.17,1.74,10.9,2.1,25.5,32.8,21.7,240.0,2.8,2.8,2.8,2.12,73.78,0.4709250263879256
352,2022-06-14,11:35:00,Browns Creek,1.15,225.4,3.55,1.57,0.0,2.5,31.3,36.1,26.1,200.0,0.0,0.0,0.0,2.6,33.13,0.3614658982824635
353,2022-06-21,10:54:00,Browns Creek,0.64,365.4,2.81,1.54,0.0,0.9,27.5,36.7,17.8,250.0,0.0,0.0,6.6,,6.62,0.24676459107661747
354,2022-06-28,11:33:00,Browns Creek,11.745000000000001,648.8,2.81,1.54,0.0,3.9,25.1,32.8,18.3,30.0,0.0,0.0,0.0,2.3,56.56,0.12848456679619186
355,2022-07-12,11:00:00,Browns Creek,2.33,517.2,8.17,1.74,0.0,3.3,28.5,35.0,23.3,360.0,0.0,59.4,82.0,2.22,45.35,-0.11192315931767621
356,2022-07-19,10:24:00,Browns Creek,1.7850000000000001,1046.2,6.36,1.68,0.0,2.5,26.8,32.8,22.8,180.0,12.400000000000007,12.4,12.4,2.3,24.43,-0.2305643348608429
357,2022-07-26,09:30:00,Browns Creek,9.305,435.2,4.74,1.62,1.8,2.8,26.9,34.4,23.9,320.0,10.200000000000006,10.2,10.5,1.15,96.16,-0.3458617384375816
358,2022-08-16,10:55:00,Browns Creek,1.8450000000000002,920.8,4.08,1.54,0.5,2.6,24.2,26.1,21.1,350.0,0.0,0.0,0.0,1.05,81.61,-0.6553571580703461
359,2022-08-23,10:18:00,Browns Creek,10.879999999999999,866.4,3.39,1.51,0.0,1.3,25.7,32.2,19.4,20.0,0.0,3.3,20.1,2.01,17.05,-0.7414004178900595
360,2022-08-30,10:33:00,Browns Creek,1.87,547.5,2.68,1.48,0.0,1.7,25.6,31.1,21.1,320.0,0.8000000000000071,0.8,1.6,1.67,63.8,-0.816691477310924
361,2022-09-13,11:08:00,Browns Creek,1.09,980.4,4.20,1.56,0.0,2.1,20.5,28.9,13.9,320.0,11.200000000000006,15.8,15.8,1.56,3.84,-0.930821113913325
362,2022-09-20,09:47:00,Browns Creek,2.915,517.2,2.57,1.49,0.0,2.4,29.3,37.2,22.8,10.0,0.0,0.0,0.0,1.7,14.08,-0.9680045197534627
363,2023-05-30,09:01:00,Browns Creek,1.47,727.0,7.23,1.67,0.0,1.0,22.3,30.0,15.0,110.0,0.0,0.0,0.0,2.37,17.35,0.5875701798748979
364,2023-06-06,10:43:00,Browns Creek,1.44,261.3,5.27,1.60,0.0,1.6,25.8,32.2,16.7,360.0,2.500000000000007,2.5,2.5,1.96,10.8,0.4860404158768522
365,2023-06-13,09:48:00,Browns Creek,1.175,410.6,5.52,1.61,0.0,2.5,19.7,26.7,12.2,250.0,9.900000000000007,9.9,9.9,2.28,25.39,0.3774618239750876
366,2023-06-20,10:51:00,Browns Creek,1.34,920.8,8.86,1.72,8.6,2.9,22.8,28.9,21.1,10.0,22.90000000000001,22.9,22.9,1.75,84.78,0.26340907117949436
367,2023-06-27,09:00:00,Browns Creek,2.81,980.4,5.52,1.61,0.0,2.6,26.4,31.7,19.4,290.0,0.0,0.0,0.8,2.54,12.98,0.1455362138198196
368,2023-07-11,09:09:00,Browns Creek,23.700000000000003,648.8,8.51,1.71,0.0,0.9,24.6,31.7,17.2,150.0,3.000000000000007,13.7,20.6,2.8,3.9,-0.09480137439153988
369,2023-07-25,09:41:00,Browns Creek,10.68,298.7,10.4,1.76,0.0,2.5,26.6,33.9,21.1,270.0,0.5000000000000071,0.5,5.1,2.46,22.7,-0.32965945300086347
370,2023-08-22,09:22:00,Browns Creek,4.41,410.6,6.94,1.68,0.0,2.5,29.4,35.6,24.4,40.0,0.0,0.0,0.0,2.18,38.66,-0.7297393266588772
371,2023-08-29,09:17:00,Browns Creek,6.68,686.7,5.02,1.61,0.0,3.3,26.6,31.7,21.1,360.0,0.0,0.8,0.8,2.34,29.47,-0.8066370859788208
372,2023-09-05,09:10:00,Browns Creek,3.255,1299.7,3.55,1.55,5.8,1.7,26.9,32.8,23.3,290.0,0.0,0.0,0.0,1.69,82.47,-0.8718365465275525
373,2023-09-12,08:50:00,Browns Creek,3.005,816.4,3.99,1.57,0.0,2.3,23.3,25.6,19.4,20.0,0.0,0.0,0.0,1.12,69.77,-0.924392149537103
374,2024-06-11,10:08:00,Browns Creek,,193.5,5.98,1.71,0.0,3.3,20.7,27.2,13.9,40.0,4.300000000000014,4.3,4.3,,,0.39334589958300126
375,2024-06-17,11:57:00,Browns Creek,,287.8,6.03,1.72,0.0,3.2,26.9,34.4,22.8,160.0,17.800000000000015,17.8,17.8,,,0.29645896101777086
376,2022-06-07,09:00:00,Whites Creek,19.25,2419.6,7.06,4.02,10.9,2.1,25.5,32.8,21.7,240.0,2.8,2.8,2.8,2.12,73.78,0.4709250263879256
377,2022-06-14,11:15:00,Whites Creek,4.275,117.8,3.34,3.93,0.0,2.5,31.3,36.1,26.1,200.0,0.0,0.0,0.0,2.6,33.13,0.3614658982824635
378,2022-06-21,10:30:00,Whites Creek,7.855,127.4,2.25,3.89,0.0,0.9,27.5,36.7,17.8,250.0,0.0,0.0,6.6,,6.62,0.24676459107661747
379,2022-06-28,11:05:00,Whites Creek,4.165,90.8,1.42,3.85,0.0,3.9,25.1,32.8,18.3,30.0,0.0,0.0,0.0,2.3,56.56,0.12848456679619186
380,2022-07-12,09:35:00,Whites Creek,5.574999999999999,517.2,5.50,4.00,0.0,3.3,28.5,35.0,23.3,360.0,0.0,59.4,82.0,2.22,45.35,-0.11192315931767621
381,2022-07-19,10:15:00,Whites Creek,17.729999999999997,1203.3,12.3,4.11,0.0,2.5,26.8,32.8,22.8,180.0,12.400000000000007,12.4,12.4,2.3,24.43,-0.2305643348608429
382,2023-07-10,16:00:00,Whites Creek,5.855,105.0,8.61,4.07,0.0,2.2,23.9,30.6,18.9,360.0,13.700000000000006,13.7,20.9,2.82,6.16,-0.07765149777217935
383,2023-07-18,09:00:00,Whites Creek,5.71,88.8,4.27,3.98,29.2,2.6,27.2,32.8,21.1,290.0,0.0,15.0,15.0,1.7,64.16,-0.21378059613171532
384,2023-07-25,08:00:00,Whites Creek,,111.2,11.4,4.11,0.0,2.5,26.6,33.9,21.1,270.0,0.5000000000000071,0.5,5.1,2.46,22.7,-0.32965945300086347
385,2023-08-01,09:00:00,Whites Creek,9.29,52.8,17.9,4.12,0.0,2.9,26.4,31.7,21.1,50.0,0.5000000000000071,28.7,29.0,2.81,15.17,-0.4407574054943112
386,2023-08-29,08:45:00,Whites Creek,6.535,98.7,5.87,3.96,0.0,3.3,26.6,31.7,21.1,360.0,0.0,0.8,0.8,2.34,29.47,-0.8066370859788208
387,2023-09-11,17:00:00,Whites Creek,9.645,28.8,4.27,3.92,0.0,1.5,24.6,32.2,17.8,320.0,0.0,0.0,17.5,1.98,35.05,-0.9176892678169845
388,2024-06-10,19:50:00,Whites Creek,,517.2,31.5,4.19,0.0,3.3,21.6,28.9,15.0,330.0,4.300000000000014,4.3,8.1,,,0.4091134183117827
389,2023-06-06,17:00:00,Cumberland River,8.15,275.5,6900,16.73,0.0,1.6,25.8,32.2,16.7,360.0,2.500000000000007,2.5,2.5,1.96,10.8,0.4860404158768522
390,2023-06-13,12:36:00,Cumberland River,,209.8,8350,17.20,0.0,2.5,19.7,26.7,12.2,250.0,9.900000000000007,9.9,9.9,2.28,25.39,0.3774618239750876
391,2023-06-20,12:36:00,Cumberland River,1.95,70.0,7000,17.43,8.6,2.9,22.8,28.9,21.1,10.0,22.90000000000001,22.9,22.9,1.75,84.78,0.26340907117949436
392,2023-06-27,09:00:00,Cumberland River,6.38,117.8,17400,18.39,0.0,2.6,26.4,31.7,19.4,290.0,0.0,0.0,0.8,2.54,12.98,0.1455362138198196
393,2023-07-18,09:00:00,Cumberland River,33.3,488.4,6120,16.91,29.2,2.6,27.2,32.8,21.1,290.0,0.0,15.0,15.0,1.7,64.16,-0.21378059613171532
394,2023-08-22,09:00:00,Cumberland River,6.03,145.5,13600,18.58,0.0,2.5,29.4,35.6,24.4,40.0,0.0,0.0,0.0,2.18,38.66,-0.7297393266588772
395,2023-08-29,09:15:00,Cumberland River,5.34,191.8,14000,18.59,0.0,3.3,26.6,31.7,21.1,360.0,0.0,0.8,0.8,2.34,29.47,-0.8066370859788208
396,2024-06-10,12:30:00,Cumberland River,,161.6,31800,21.44,0.0,3.3,21.6,28.9,15.0,330.0,4.300000000000014,4.3,8.1,,,0.4091134183117827
397,2024-06-17,12:45:00,Cumberland River,,517.2,14900,18.95,0.0,3.2,26.9,34.4,22.8,160.0,17.800000000000015,17.8,17.8,,,0.29645896101777086
398,2024-06-11,17:56:00,Stones River,,29.5,122,2.68,0.0,3.3,20.7,27.2,13.9,40.0,4.300000000000014,4.3,4.3,,,0.39334589958300126
399,2024-06-18,18:46:00,Stones River,,16.6,88.6,2.56,0.0,2.7,28.3,31.7,24.4,180.0,17.800000000000015,17.8,17.8,,,0.2799754974897706
